,loss,loss_test,metric
0,0.2694547080567905,0.24691497385501865,0.8604896239203571
1,0.19931227421121936,0.17627141177654265,0.9378228503852674
2,0.1513529345393181,0.12315006107091904,0.9790985425229713
3,0.11175093826438698,0.10516998916864395,0.9874416680630385
4,0.08248024926121747,0.060872011631727216,0.994175607589025
5,0.06891618402940888,0.06451256796717644,0.9961666954058087
